file,prediction,prediction_matrix
data_other/AirMater/AirMater_000.jpg,joy,1.8663838e-11, 3.8586229e-02, 2.5550018e-12, 9.6141374e-01,1.5925183e-08, 8.6880505e-44, 6.4274758e-41